post_id,creator_handle,creator_category,followers_at_post,post_date,post_hour,content_format,video_length_sec,hashtag_count,views,likes,comments,shares,avg_watch_time_sec,completion_rate_pct
TT0001,anaedits,beauty,41937,2025-09-03,19,listicle,24,4,25744,1187,55,138,14.3,55.1
TT0002,anaedits,beauty,42996,2025-09-04,11,tutorial,34,4,30016,1660,46,214,20.4,62.1
TT0003,anaedits,beauty,42858,2025-09-06,18,review,33,1,22587,1456,78,122,24.0,76.7
TT0004,anaedits,beauty,43480,2025-09-13,19,tutorial,25,2,59375,4540,108,751,17.4,71.7
TT0005,anaedits,beauty,44126,2025-09-19,19,listicle,33,4,73236,4824,147,682,29.4,81.1
TT0006,anaedits,beauty,45390,2025-09-20,20,listicle,35,2,32769,1841,94,216,24.5,68.1
TT0007,anaedits,beauty,46012,2025-09-22,19,vlog,22,1,12006,948,63,116,15.3,75.7
TT0008,anaedits,beauty,46387,2025-09-28,19,tutorial,34,3,40053,2085,150,143,18.9,61.6
TT0009,anaedits,beauty,46484,2025-09-30,21,review,44,4,10369,625,42,64,30.8,76.1
TT0010,anaedits,beauty,47621,2025-10-05,0,tutorial,38,3,10394,872,59,63,30.9,86.5
TT0011,anaedits,beauty,48023,2025-10-06,17,tutorial,37,6,19858,1315,29,128,31.0,76.4
TT0012,anaedits,beauty,48165,2025-10-07,2,before_after,11,2,65922,5290,463,763,9.6,84.9
TT0013,anaedits,beauty,48761,2025-10-13,2,tutorial,24,4,29015,1763,85,187,12.3,56.1
TT0014,anaedits,beauty,50745,2025-10-23,20,tutorial,26,2,35313,1745,133,155,18.3,77.4
TT0015,anaedits,beauty,50543,2025-10-25,19,listicle,36,6,23776,1011,45,119,20.2,60.3
TT0016,anaedits,beauty,51118,2025-10-26,18,before_after,17,3,49874,4527,476,378,14.8,92.0
TT0017,anaedits,beauty,51289,2025-10-29,18,tutorial,33,4,53637,3296,254,351,23.6,73.9
TT0018,anaedits,beauty,53210,2025-10-30,20,before_after,27,3,20832,1915,46,328,22.3,76.0
TT0019,anaedits,beauty,52946,2025-11-03,9,listicle,36,3,24602,1417,42,259,18.7,55.2
TT0020,anaedits,beauty,54274,2025-11-09,19,tutorial,24,6,54382,3559,84,554,16.9,72.6
TT0021,bytewithben,gaming,211174,2025-09-01,20,duet,30,5,152444,7767,949,647,23.1,70.7
TT0022,bytewithben,gaming,210456,2025-09-02,20,duet,23,4,133660,5815,374,856,20.3,85.1
TT0023,bytewithben,gaming,215035,2025-09-03,12,storytime,29,3,148973,7219,821,1162,16.9,63.6
TT0024,bytewithben,gaming,217794,2025-09-06,21,challenge,31,4,117039,6924,476,698,17.4,61.1
TT0025,bytewithben,gaming,212687,2025-09-08,22,listicle,21,7,145619,7632,881,1200,11.6,58.1
TT0026,bytewithben,gaming,214804,2025-09-11,17,storytime,22,0,130231,8210,534,462,19.1,79.2
TT0027,bytewithben,gaming,216556,2025-09-15,4,challenge,38,3,78352,4411,355,702,25.7,71.2
TT0028,bytewithben,gaming,210332,2025-09-18,17,challenge,35,4,76488,5240,608,1091,25.1,70.9
TT0029,bytewithben,gaming,217817,2025-09-26,21,listicle,29,1,131636,8007,973,1085,23.1,80.5
TT0030,bytewithben,gaming,221879,2025-09-29,3,review,40,5,39720,2506,255,129,23.9,56.7
TT0031,bytewithben,gaming,216342,2025-10-02,22,duet,40,2,253148,12746,1226,1940,31.2,75.0
TT0032,bytewithben,gaming,223294,2025-10-04,20,duet,19,3,151223,8176,443,848,14.6,76.1
TT0033,bytewithben,gaming,223003,2025-10-08,22,review,30,4,93111,3902,316,741,19.3,61.4
TT0034,bytewithben,gaming,222866,2025-10-09,13,listicle,14,5,47840,1791,179,221,11.1,75.2
TT0035,bytewithben,gaming,227771,2025-10-12,20,storytime,33,3,92865,5847,694,1149,25.2,73.7
TT0036,bytewithben,gaming,225438,2025-10-20,19,review,50,5,32104,1632,109,148,20.9,41.2
TT0037,bytewithben,gaming,226652,2025-10-28,23,listicle,28,5,157261,8225,914,1416,16.5,65.3
TT0038,bytewithben,gaming,224878,2025-11-04,4,review,58,2,26867,1208,120,73,22.8,40.0
TT0039,bytewithben,gaming,227244,2025-11-05,23,listicle,34,4,140481,5558,619,1070,18.1,57.3
TT0040,bytewithben,gaming,229208,2025-11-07,22,review,57,3,144591,6736,579,697,29.0,54.3
TT0041,camcooks,food,95026,2025-09-09,13,vlog,30,5,26964,1505,35,191,22.3,68.2
TT0042,camcooks,food,95716,2025-09-10,10,tutorial,28,3,40795,2546,249,444,21.1,72.5
TT0043,camcooks,food,98457,2025-09-11,21,tutorial,27,2,34798,2470,65,293,15.7,62.0
TT0044,camcooks,food,99242,2025-09-12,10,review,32,2,34699,1149,68,104,20.8,66.2
TT0045,camcooks,food,98705,2025-09-13,11,tutorial,34,3,66172,4736,149,444,25.3,73.3
TT0046,camcooks,food,102303,2025-09-16,19,tutorial,32,3,101778,4830,463,483,18.9,62.7
TT0047,camcooks,food,98311,2025-09-21,13,tutorial,40,2,36730,2319,231,169,24.3,56.7
TT0048,camcooks,food,102690,2025-09-22,19,review,48,4,32726,1770,130,120,19.9,45.8
TT0049,camcooks,food,102545,2025-09-28,23,vlog,29,0,107516,6691,574,1030,15.3,57.4
TT0050,camcooks,food,103961,2025-10-01,18,review,43,3,90644,4796,332,451,28.3,61.6
TT0051,camcooks,food,104874,2025-10-04,22,review,30,2,72542,3542,167,298,20.9,77.1
TT0052,camcooks,food,104464,2025-10-06,18,tutorial,32,1,79229,4981,515,825,23.6,73.0
TT0053,camcooks,food,105706,2025-10-13,20,review,42,4,32618,1478,103,91,14.4,37.7
TT0054,camcooks,food,106183,2025-10-16,12,listicle,25,5,104877,6149,146,984,13.9,55.7
TT0055,camcooks,food,108598,2025-10-19,11,vlog,26,2,76036,6577,305,370,17.4,73.2
TT0056,camcooks,food,110049,2025-10-21,12,before_after,28,0,57280,4884,308,685,22.7,88.3
TT0057,camcooks,food,111322,2025-10-22,12,tutorial,36,5,81537,5690,276,256,24.7,75.3
TT0058,camcooks,food,111857,2025-10-25,13,vlog,27,3,61535,4508,212,480,21.0,72.6
TT0059,camcooks,food,112077,2025-10-27,12,tutorial,29,5,123299,4924,116,660,16.3,61.4
TT0060,camcooks,food,113715,2025-11-03,19,review,45,3,90910,4669,246,850,32.8,67.1
TT0061,devonmoves,fitness,65110,2025-09-16,2,storytime,31,2,38888,2907,209,274,17.9,57.2
TT0062,devonmoves,fitness,66099,2025-09-17,17,challenge,46,1,22896,1885,65,310,21.3,48.7
TT0063,devonmoves,fitness,64230,2025-09-23,8,challenge,31,6,65758,3926,287,705,16.7,53.3
TT0064,devonmoves,fitness,67502,2025-09-26,20,vlog,37,5,28340,1823,126,153,28.9,74.3
TT0065,devonmoves,fitness,68256,2025-09-28,17,storytime,35,4,26255,1557,103,242,20.0,52.1
TT0066,devonmoves,fitness,68904,2025-10-01,8,vlog,28,1,30444,1829,155,242,18.1,61.4
TT0067,devonmoves,fitness,69025,2025-10-02,7,tutorial,31,6,49772,2718,132,383,19.2,60.8
TT0068,devonmoves,fitness,70149,2025-10-03,2,tutorial,22,1,13810,864,82,127,15.5,66.4
TT0069,devonmoves,fitness,70824,2025-10-05,15,before_after,14,2,107591,7746,400,894,12.7,93.9
TT0070,devonmoves,fitness,72042,2025-10-06,17,before_after,37,3,97850,6905,180,666,23.0,61.8
TT0071,devonmoves,fitness,71534,2025-10-10,7,tutorial,36,1,36370,2152,111,365,27.6,75.4
TT0072,devonmoves,fitness,73421,2025-10-11,10,storytime,31,4,25117,1390,42,141,22.0,67.3
TT0073,devonmoves,fitness,74931,2025-10-14,6,storytime,39,2,32694,1739,132,243,24.2,63.8
TT0074,devonmoves,fitness,74379,2025-10-17,16,before_after,20,6,69208,5640,464,625,17.2,80.2
TT0075,devonmoves,fitness,75317,2025-10-21,6,vlog,42,6,44305,3648,81,329,24.8,57.9
TT0076,devonmoves,fitness,76563,2025-10-22,17,before_after,27,4,37536,2441,115,153,16.0,59.5
TT0077,devonmoves,fitness,76719,2025-10-25,23,storytime,34,0,37170,2353,244,249,17.8,53.9
TT0078,devonmoves,fitness,76622,2025-10-28,6,challenge,33,5,50679,3536,189,547,18.7,55.2
TT0079,devonmoves,fitness,77357,2025-11-01,14,before_after,23,5,54708,3932,206,544,21.8,91.7
TT0080,devonmoves,fitness,79187,2025-11-05,7,before_after,23,1,52130,3196,284,317,16.2,77.0
TT0081,ellastudies,studytok,25218,2025-09-03,9,listicle,35,4,21083,962,89,165,22.5,61.0
TT0082,ellastudies,studytok,25195,2025-09-04,17,vlog,39,3,21170,1390,150,141,27.0,64.5
TT0083,ellastudies,studytok,25435,2025-09-13,17,listicle,22,3,10540,481,24,88,18.1,76.8
TT0084,ellastudies,studytok,25499,2025-09-16,15,challenge,54,6,11724,688,75,136,37.5,70.2
TT0085,ellastudies,studytok,26060,2025-09-17,1,vlog,32,2,6887,216,24,42,18.8,60.8
TT0086,ellastudies,studytok,25513,2025-09-19,10,tutorial,36,3,10003,511,29,40,24.4,62.5
TT0087,ellastudies,studytok,25654,2025-09-22,17,challenge,33,3,21936,1438,75,212,23.7,73.0
TT0088,ellastudies,studytok,25330,2025-09-23,17,listicle,34,4,24701,1369,120,205,23.6,76.3
TT0089,ellastudies,studytok,25373,2025-09-25,16,tutorial,26,1,21195,981,87,84,17.0,61.8
TT0090,ellastudies,studytok,25408,2025-09-27,19,tutorial,49,4,25376,1752,85,151,26.0,56.2
TT0091,ellastudies,studytok,25664,2025-09-30,2,tutorial,52,6,16716,760,55,107,30.5,59.3
TT0092,ellastudies,studytok,25342,2025-10-01,12,storytime,40,1,6794,271,27,24,19.7,50.6
TT0093,ellastudies,studytok,26081,2025-10-02,16,challenge,38,2,13669,708,47,58,20.9,60.3
TT0094,ellastudies,studytok,25685,2025-10-04,14,listicle,33,4,21595,861,92,165,14.5,47.8
TT0095,ellastudies,studytok,25687,2025-10-06,7,tutorial,29,2,16970,820,91,98,20.9,69.6
TT0096,ellastudies,studytok,25719,2025-10-08,17,vlog,32,2,11173,672,20,46,15.6,53.0
TT0097,ellastudies,studytok,26194,2025-10-09,10,challenge,57,7,5790,339,41,71,36.5,65.5
TT0098,ellastudies,studytok,26609,2025-10-12,20,listicle,34,4,15571,902,93,172,18.2,57.2
TT0099,ellastudies,studytok,26228,2025-10-30,17,challenge,44,4,8224,382,39,58,20.3,47.2
TT0100,ellastudies,studytok,26285,2025-11-08,17,challenge,41,5,16815,982,36,178,20.8,56.4
TT0101,fitwithfia,fitness,24564,2025-09-01,7,tutorial,31,5,8860,369,23,42,18.4,59.7
TT0102,fitwithfia,fitness,25579,2025-09-03,5,vlog,23,3,21107,1442,88,122,17.9,75.8
TT0103,fitwithfia,fitness,25288,2025-09-08,0,vlog,32,2,21781,1660,98,73,18.1,62.3
TT0104,fitwithfia,fitness,25938,2025-09-12,18,challenge,37,2,21990,1389,59,245,22.6,65.3
TT0105,fitwithfia,fitness,25817,2025-09-13,6,before_after,36,3,25528,1973,64,197,28.3,71.9
TT0106,fitwithfia,fitness,26456,2025-09-18,15,challenge,29,5,16630,1274,29,135,19.9,74.2
TT0107,fitwithfia,fitness,27272,2025-09-20,19,tutorial,23,3,11187,780,51,78,16.1,65.0
TT0108,fitwithfia,fitness,26989,2025-09-24,7,challenge,50,2,23469,1351,97,282,27.4,60.1
TT0109,fitwithfia,fitness,27425,2025-09-25,8,challenge,32,2,38444,2550,165,297,19.4,62.6
TT0110,fitwithfia,fitness,27888,2025-09-26,7,storytime,33,3,24710,1109,74,76,20.6,58.8
TT0111,fitwithfia,fitness,28229,2025-10-02,7,storytime,27,2,6543,339,17,43,22.2,75.3
TT0112,fitwithfia,fitness,28655,2025-10-12,2,before_after,20,4,13951,960,51,131,12.4,69.1
TT0113,fitwithfia,fitness,28964,2025-10-14,8,challenge,38,4,18649,1586,41,281,23.1,61.0
TT0114,fitwithfia,fitness,28923,2025-10-17,5,tutorial,25,4,13655,805,21,66,15.6,62.1
TT0115,fitwithfia,fitness,29296,2025-10-30,5,storytime,39,3,38018,2898,74,321,29.2,79.9
TT0116,fitwithfia,fitness,29575,2025-11-03,6,storytime,45,2,7241,316,31,44,21.8,48.8
TT0117,fitwithfia,fitness,29713,2025-11-04,6,before_after,25,2,11416,962,41,127,18.5,75.4
TT0118,fitwithfia,fitness,29965,2025-11-05,5,challenge,39,3,19055,1269,40,125,23.0,55.1
TT0119,fitwithfia,fitness,30232,2025-11-06,18,challenge,38,4,24408,2078,154,245,27.7,68.3
TT0120,fitwithfia,fitness,30250,2025-11-08,11,tutorial,23,2,16217,763,101,113,13.8,64.7
TT0121,gracethrifts,fashion,18020,2025-09-03,17,challenge,26,6,8336,640,51,117,18.3,71.8
TT0122,gracethrifts,fashion,18235,2025-09-09,17,tutorial,28,3,11395,593,48,53,15.5,54.5
TT0123,gracethrifts,fashion,18016,2025-09-11,12,challenge,47,2,3038,180,24,36,30.5,60.4
TT0124,gracethrifts,fashion,18360,2025-09-13,19,tutorial,34,4,23549,1423,82,211,23.3,64.3
TT0125,gracethrifts,fashion,17959,2025-09-18,20,review,33,4,6206,352,8,28,21.1,59.9
TT0126,gracethrifts,fashion,18563,2025-09-19,18,before_after,34,3,12430,1020,33,143,32.1,86.0
TT0127,gracethrifts,fashion,18438,2025-09-23,22,review,42,3,3700,155,15,14,24.2,53.7
TT0128,gracethrifts,fashion,18657,2025-09-25,19,challenge,39,5,10818,672,18,81,23.7,67.6
TT0129,gracethrifts,fashion,18638,2025-09-27,19,challenge,29,4,24224,1906,122,279,17.5,66.8
TT0130,gracethrifts,fashion,19134,2025-09-29,21,challenge,45,2,5368,358,25,32,22.9,55.1
TT0131,gracethrifts,fashion,18985,2025-09-30,20,before_after,16,4,12970,959,84,105,15.7,96.0
TT0132,gracethrifts,fashion,18769,2025-10-07,17,review,39,4,12155,1114,25,91,27.3,65.0
TT0133,gracethrifts,fashion,19113,2025-10-12,21,challenge,48,6,8203,660,26,88,33.2,67.8
TT0134,gracethrifts,fashion,19497,2025-10-14,1,challenge,36,5,9101,609,30,89,21.2,61.8
TT0135,gracethrifts,fashion,19156,2025-10-15,17,review,40,6,6009,166,11,24,22.0,55.4
TT0136,gracethrifts,fashion,19189,2025-10-22,17,vlog,38,2,9127,420,39,47,16.9,48.9
TT0137,gracethrifts,fashion,19397,2025-10-25,20,review,45,2,17927,945,73,54,21.2,47.9
TT0138,gracethrifts,fashion,19360,2025-10-27,19,challenge,39,6,9595,495,18,66,26.1,72.6
TT0139,gracethrifts,fashion,19508,2025-11-01,19,challenge,38,4,12825,670,45,114,27.1,69.0
TT0140,gracethrifts,fashion,19789,2025-11-08,20,review,40,1,5210,278,16,24,23.5,65.0
TT0141,hypewithhari,comedy,140008,2025-09-02,3,challenge,34,4,31568,2094,116,298,23.5,63.6
TT0142,hypewithhari,comedy,140490,2025-09-06,20,challenge,37,4,94998,8516,297,1355,29.8,75.6
TT0143,hypewithhari,comedy,141108,2025-09-08,19,duet,14,3,46823,3512,216,362,12.9,96.0
TT0144,hypewithhari,comedy,141363,2025-09-12,20,vlog,35,6,105632,8300,771,571,21.0,60.2
TT0145,hypewithhari,comedy,141051,2025-09-13,21,challenge,37,4,41053,2197,293,366,22.0,58.3
TT0146,hypewithhari,comedy,142354,2025-09-14,20,skit,20,3,206865,18501,1101,1115,16.1,73.4
TT0147,hypewithhari,comedy,143450,2025-09-16,20,challenge,32,6,45740,2672,269,527,21.6,62.5
TT0148,hypewithhari,comedy,143208,2025-09-17,18,storytime,31,1,25438,1556,166,218,22.1,75.2
TT0149,hypewithhari,comedy,143516,2025-09-22,19,skit,32,5,128076,10148,889,1152,22.6,70.2
TT0150,hypewithhari,comedy,142965,2025-09-26,20,duet,26,4,151912,7147,792,1548,16.7,70.9
TT0151,hypewithhari,comedy,144804,2025-09-27,20,vlog,38,3,84928,6468,709,650,18.5,52.4
TT0152,hypewithhari,comedy,143578,2025-10-01,19,challenge,34,6,124685,8443,551,1403,24.6,71.5
TT0153,hypewithhari,comedy,144917,2025-10-07,21,challenge,46,4,198565,14678,2523,2953,25.6,58.6
TT0154,hypewithhari,comedy,146084,2025-10-09,22,challenge,33,3,50421,3955,355,543,20.9,61.8
TT0155,hypewithhari,comedy,147115,2025-10-12,20,skit,17,1,254556,19785,1620,2680,14.2,78.1
TT0156,hypewithhari,comedy,146932,2025-10-22,21,skit,23,0,167494,13135,1165,1453,19.2,81.3
TT0157,hypewithhari,comedy,145947,2025-10-26,11,duet,21,0,62508,4423,418,616,17.9,79.2
TT0158,hypewithhari,comedy,144207,2025-10-28,8,challenge,48,3,141326,10559,778,1280,39.7,76.9
TT0159,hypewithhari,comedy,149447,2025-11-02,19,skit,30,3,58497,5176,425,273,22.3,77.7
TT0160,hypewithhari,comedy,145953,2025-11-07,20,skit,14,4,91239,8154,590,1252,11.3,84.5
TT0161,islasnaps,beauty,95858,2025-09-01,21,tutorial,32,5,69922,3913,303,416,18.4,56.9
TT0162,islasnaps,beauty,95028,2025-09-05,20,listicle,26,4,51943,4052,101,895,21.4,75.7
TT0163,islasnaps,beauty,98210,2025-09-10,11,tutorial,40,4,26047,1807,110,149,24.4,64.3
TT0164,islasnaps,beauty,100052,2025-09-14,19,vlog,32,3,45286,3281,252,249,26.0,74.1
TT0165,islasnaps,beauty,102852,2025-09-17,19,vlog,41,3,52258,4184,288,377,32.4,74.0
TT0166,islasnaps,beauty,104480,2025-09-18,19,tutorial,32,4,352568,17608,1105,1446,19.3,67.0
TT0167,islasnaps,beauty,103174,2025-09-19,17,tutorial,28,0,59170,3681,129,378,21.7,75.0
TT0168,islasnaps,beauty,106039,2025-09-20,4,listicle,37,5,63321,3767,218,659,28.4,77.8
TT0169,islasnaps,beauty,107758,2025-09-21,22,tutorial,40,2,21393,1180,81,111,11.2,29.8
TT0170,islasnaps,beauty,109701,2025-09-24,21,tutorial,37,5,54410,3619,227,183,20.6,52.9
TT0171,islasnaps,beauty,110844,2025-09-26,18,vlog,31,2,37341,2052,64,254,23.7,69.8
TT0172,islasnaps,beauty,113588,2025-09-29,19,before_after,27,5,106593,6987,647,619,20.3,70.7
TT0173,islasnaps,beauty,116240,2025-10-05,20,before_after,31,2,65208,5521,126,671,26.9,82.2
TT0174,islasnaps,beauty,117219,2025-10-09,5,listicle,24,5,46178,3236,211,440,17.4,77.6
TT0175,islasnaps,beauty,117658,2025-10-16,17,listicle,31,5,84289,4455,109,875,16.0,55.5
TT0176,islasnaps,beauty,119311,2025-10-27,18,tutorial,16,3,141394,10014,625,1667,12.3,81.1
TT0177,islasnaps,beauty,120891,2025-10-31,2,tutorial,34,3,46731,3546,202,284,23.3,66.1
TT0178,islasnaps,beauty,123154,2025-11-01,22,review,36,2,32577,1715,142,102,23.4,64.3
TT0179,islasnaps,beauty,123784,2025-11-06,19,review,50,2,45285,2434,173,270,23.1,44.6
TT0180,islasnaps,beauty,127075,2025-11-09,20,before_after,35,4,151820,11832,422,1254,28.0,74.0
TT0181,jamieplays,gaming,95590,2025-09-05,21,duet,22,4,58242,3301,300,699,16.0,70.9
TT0182,jamieplays,gaming,97349,2025-09-08,21,duet,21,2,75335,3871,391,410,14.3,65.0
TT0183,jamieplays,gaming,97838,2025-09-11,23,listicle,34,3,116635,5291,483,681,17.8,54.8
TT0184,jamieplays,gaming,100448,2025-09-13,12,challenge,41,3,89991,5135,371,859,28.5,69.4
TT0185,jamieplays,gaming,102442,2025-09-14,4,storytime,28,5,40830,2752,88,148,19.4,69.8
TT0186,jamieplays,gaming,103800,2025-09-17,22,storytime,33,2,33420,924,79,124,14.8,49.5
TT0187,jamieplays,gaming,105186,2025-09-18,20,listicle,28,3,126613,6903,644,863,16.6,63.6
TT0188,jamieplays,gaming,105647,2025-09-21,22,challenge,29,5,58710,3557,373,608,15.8,59.7
TT0189,jamieplays,gaming,106945,2025-10-01,19,challenge,49,4,42062,2301,236,424,22.7,45.8
TT0190,jamieplays,gaming,110319,2025-10-03,20,review,42,4,24286,1294,143,186,20.7,52.7
TT0191,jamieplays,gaming,110394,2025-10-06,20,storytime,32,2,77180,2760,183,173,16.1,54.7
TT0192,jamieplays,gaming,114206,2025-10-10,20,storytime,48,6,73340,2732,297,330,30.7,61.5
TT0193,jamieplays,gaming,113930,2025-10-15,19,challenge,38,5,93880,5068,636,878,22.3,58.6
TT0194,jamieplays,gaming,116949,2025-10-16,19,listicle,38,5,113493,6223,539,1162,20.7,50.5
TT0195,jamieplays,gaming,117881,2025-10-18,22,storytime,29,5,66283,3701,239,285,19.3,67.9
TT0196,jamieplays,gaming,119841,2025-10-20,21,listicle,27,4,73158,3549,405,746,19.4,71.7
TT0197,jamieplays,gaming,120144,2025-10-24,23,review,26,3,59991,3955,272,431,19.6,70.9
TT0198,jamieplays,gaming,124546,2025-10-28,22,challenge,20,6,128845,7577,894,830,14.3,79.0
TT0199,jamieplays,gaming,123795,2025-11-02,23,listicle,29,6,114767,5728,417,1179,18.7,60.3
TT0200,jamieplays,gaming,127798,2025-11-03,21,listicle,17,5,57180,3279,283,552,14.0,81.2
TT0201,kitchenkai,food,17998,2025-09-02,10,listicle,30,6,11971,526,42,103,18.1,59.6
TT0202,kitchenkai,food,18462,2025-09-09,10,listicle,48,6,11617,970,43,95,37.8,71.8
TT0203,kitchenkai,food,18664,2025-09-11,22,listicle,33,6,13898,487,29,82,24.8,75.7
TT0204,kitchenkai,food,18924,2025-09-17,22,tutorial,32,3,6781,421,30,68,20.4,69.9
TT0205,kitchenkai,food,19011,2025-09-19,12,before_after,34,1,9016,772,21,74,33.3,95.1
TT0206,kitchenkai,food,19687,2025-09-25,23,tutorial,28,5,7713,445,36,72,19.8,68.7
TT0207,kitchenkai,food,19650,2025-09-29,12,review,43,3,11246,998,42,84,40.3,85.6
TT0208,kitchenkai,food,20038,2025-10-01,19,tutorial,44,2,5088,249,18,24,26.0,61.0
TT0209,kitchenkai,food,20409,2025-10-05,12,review,40,2,11703,659,30,60,27.7,63.7
TT0210,kitchenkai,food,20193,2025-10-10,13,listicle,36,2,5917,328,34,60,17.4,50.3
TT0211,kitchenkai,food,20674,2025-10-11,13,review,28,3,12490,864,21,65,18.0,65.1
TT0212,kitchenkai,food,20860,2025-10-18,12,vlog,23,3,4425,344,26,58,15.3,63.1
TT0213,kitchenkai,food,21082,2025-10-21,15,before_after,26,2,15743,1134,32,125,15.7,57.3
TT0214,kitchenkai,food,21431,2025-10-22,17,review,59,2,12446,844,41,37,32.3,59.2
TT0215,kitchenkai,food,21802,2025-10-24,18,listicle,38,3,10131,553,40,89,22.6,56.0
TT0216,kitchenkai,food,22126,2025-10-25,11,listicle,24,3,24615,1965,60,267,17.6,76.9
TT0217,kitchenkai,food,22172,2025-10-26,13,before_after,21,2,6416,372,11,37,16.1,70.9
TT0218,kitchenkai,food,22919,2025-10-27,17,vlog,20,5,14110,578,47,62,12.5,66.7
TT0219,kitchenkai,food,22722,2025-10-29,10,tutorial,32,5,9612,564,21,62,18.5,62.0
TT0220,kitchenkai,food,22961,2025-11-03,12,review,33,3,21065,1065,33,63,21.0,61.7
TT0221,learnwithlena,studytok,318736,2025-09-03,22,challenge,42,4,90777,5064,188,578,26.7,61.3
TT0222,learnwithlena,studytok,322933,2025-09-05,20,listicle,45,5,239922,9304,1158,1722,19.5,43.9
TT0223,learnwithlena,studytok,330509,2025-09-07,17,listicle,38,5,190301,7637,527,1059,21.9,62.8
TT0224,learnwithlena,studytok,327157,2025-09-10,20,storytime,25,4,229291,9914,941,1052,20.1,87.2
TT0225,learnwithlena,studytok,327420,2025-09-20,17,tutorial,30,1,138998,7460,661,838,21.2,68.0
TT0226,learnwithlena,studytok,327208,2025-09-23,15,listicle,33,6,419433,18468,534,2116,18.7,59.9
TT0227,learnwithlena,studytok,334512,2025-09-25,17,listicle,30,5,55092,2547,225,393,22.7,83.6
TT0228,learnwithlena,studytok,340912,2025-09-29,21,challenge,41,5,197941,9742,782,1842,24.5,57.9
TT0229,learnwithlena,studytok,338959,2025-09-30,20,tutorial,41,3,203046,12247,866,836,21.5,53.4
TT0230,learnwithlena,studytok,340812,2025-10-14,16,challenge,35,2,410990,22858,2425,3633,23.2,66.4
TT0231,learnwithlena,studytok,337934,2025-10-17,17,tutorial,45,1,202367,7759,540,444,19.2,39.5
TT0232,learnwithlena,studytok,338686,2025-10-18,5,tutorial,34,3,218192,10987,614,1623,19.2,59.2
TT0233,learnwithlena,studytok,350705,2025-10-22,20,storytime,28,3,240915,12673,699,1504,18.5,64.0
TT0234,learnwithlena,studytok,346307,2025-10-23,16,storytime,23,3,160239,8521,645,679,15.0,66.5
TT0235,learnwithlena,studytok,347170,2025-10-30,19,tutorial,34,2,91629,4888,343,531,20.2,55.4
TT0236,learnwithlena,studytok,351846,2025-11-01,16,tutorial,31,2,169000,11787,1033,627,21.0,74.5
TT0237,learnwithlena,studytok,351932,2025-11-04,14,challenge,45,2,82091,4574,282,490,22.8,55.0
TT0238,learnwithlena,studytok,352780,2025-11-05,17,vlog,38,4,240043,16549,1433,1018,26.1,65.3
TT0239,learnwithlena,studytok,357452,2025-11-06,19,storytime,24,2,265584,14098,1442,742,18.0,76.5
TT0240,learnwithlena,studytok,359798,2025-11-09,3,storytime,37,1,319647,9963,996,1417,18.8,51.7
TT0241,mariemakes,beauty,140957,2025-09-03,18,review,37,3,102711,4168,93,368,22.8,57.6
TT0242,mariemakes,beauty,139000,2025-09-06,20,before_after,39,5,93994,8869,472,908,29.8,78.1
TT0243,mariemakes,beauty,142700,2025-09-08,19,before_after,25,1,145524,8861,550,962,20.3,78.0
TT0244,mariemakes,beauty,143151,2025-09-14,2,vlog,41,4,36931,2431,135,211,20.0,53.2
TT0245,mariemakes,beauty,142881,2025-09-23,6,tutorial,34,3,62397,1769,139,205,22.8,61.8
TT0246,mariemakes,beauty,141080,2025-09-27,20,listicle,23,3,142401,9083,679,1356,18.7,85.7
TT0247,mariemakes,beauty,141786,2025-09-28,19,tutorial,32,1,53213,3318,78,487,25.0,82.5
TT0248,mariemakes,beauty,145279,2025-10-06,19,review,40,6,71779,4093,138,446,23.4,56.5
TT0249,mariemakes,beauty,145531,2025-10-08,3,listicle,40,4,54603,3802,293,476,24.6,59.5
TT0250,mariemakes,beauty,144881,2025-10-10,20,review,25,1,193122,13332,744,1080,16.8,63.9
TT0251,mariemakes,beauty,144884,2025-10-13,1,review,36,6,165663,7377,677,881,21.5,62.8
TT0252,mariemakes,beauty,144364,2025-10-15,17,listicle,42,6,107338,7303,596,948,27.1,66.7
TT0253,mariemakes,beauty,146120,2025-10-19,6,tutorial,34,0,60105,3322,220,341,19.7,53.4
TT0254,mariemakes,beauty,146230,2025-10-24,20,before_after,20,0,55911,3546,148,600,15.1,76.8
TT0255,mariemakes,beauty,147225,2025-10-31,8,vlog,36,2,52537,2899,139,310,20.3,56.1
TT0256,mariemakes,beauty,146093,2025-11-02,18,vlog,37,2,74960,5636,362,791,21.3,57.2
TT0257,mariemakes,beauty,149904,2025-11-06,19,tutorial,19,3,200943,10599,345,639,8.1,45.4
TT0258,mariemakes,beauty,149313,2025-11-07,20,tutorial,23,2,82253,5928,546,745,13.8,58.9
TT0259,mariemakes,beauty,150155,2025-11-08,17,review,35,0,62741,3857,249,452,25.5,71.3
TT0260,mariemakes,beauty,148881,2025-11-09,20,vlog,35,3,13431,573,28,70,16.6,51.9
TT0261,nateexplains,studytok,24886,2025-09-01,16,challenge,36,5,26728,1684,122,231,24.5,73.0
TT0262,nateexplains,studytok,25083,2025-09-02,21,challenge,42,7,11186,668,55,70,20.0,47.0
TT0263,nateexplains,studytok,25682,2025-09-11,18,vlog,27,3,33325,1310,139,123,16.2,56.7
TT0264,nateexplains,studytok,25999,2025-09-14,23,tutorial,32,1,12617,500,62,46,16.0,45.7
TT0265,nateexplains,studytok,26595,2025-09-17,16,challenge,40,3,19657,1607,174,319,33.0,79.7
TT0266,nateexplains,studytok,26746,2025-09-18,15,storytime,45,0,19212,1071,103,110,19.3,44.6
TT0267,nateexplains,studytok,27128,2025-09-25,19,storytime,22,2,12926,681,83,63,15.9,72.4
TT0268,nateexplains,studytok,27281,2025-09-26,17,challenge,26,5,11344,758,64,135,15.6,65.6
TT0269,nateexplains,studytok,27511,2025-09-30,18,storytime,30,3,18200,1213,106,170,13.9,50.3
TT0270,nateexplains,studytok,27971,2025-10-01,1,tutorial,40,5,8500,368,27,34,25.1,61.4
TT0271,nateexplains,studytok,28111,2025-10-03,16,challenge,48,3,32103,1584,215,281,29.8,58.3
TT0272,nateexplains,studytok,28163,2025-10-10,12,vlog,43,3,34404,2166,163,277,28.1,64.5
TT0273,nateexplains,studytok,28815,2025-10-11,16,storytime,35,3,36480,1834,74,143,26.8,73.9
TT0274,nateexplains,studytok,29348,2025-10-20,19,challenge,39,5,14325,816,109,142,28.6,67.0
TT0275,nateexplains,studytok,29537,2025-10-22,18,tutorial,20,5,6519,317,27,35,14.0,73.9
TT0276,nateexplains,studytok,30191,2025-10-26,22,tutorial,26,4,19314,1050,68,117,14.9,55.8
TT0277,nateexplains,studytok,30909,2025-10-29,6,tutorial,24,4,25669,1487,48,152,15.6,70.0
TT0278,nateexplains,studytok,30543,2025-11-02,18,listicle,49,3,16066,862,77,105,26.2,51.5
TT0279,nateexplains,studytok,31143,2025-11-04,17,vlog,43,3,15770,845,72,55,34.9,75.8
TT0280,nateexplains,studytok,31173,2025-11-05,19,storytime,46,3,12977,706,50,57,27.4,60.0
TT0281,oliveoutfits,fashion,24801,2025-09-04,1,tutorial,53,4,15000,901,30,93,29.5,59.6
TT0282,oliveoutfits,fashion,24918,2025-09-06,18,before_after,12,3,23320,1683,104,140,9.7,87.5
TT0283,oliveoutfits,fashion,25868,2025-09-09,18,tutorial,29,3,10100,567,47,50,22.0,73.4
TT0284,oliveoutfits,fashion,25253,2025-09-10,3,before_after,27,3,18177,1288,49,90,18.2,69.4
TT0285,oliveoutfits,fashion,25963,2025-09-11,20,vlog,21,4,3821,241,8,17,16.1,70.8
TT0286,oliveoutfits,fashion,25900,2025-09-12,21,challenge,34,3,22436,1660,38,189,23.6,71.9
TT0287,oliveoutfits,fashion,26276,2025-09-19,10,challenge,36,4,15262,1309,97,150,23.1,64.2
TT0288,oliveoutfits,fashion,26896,2025-09-23,17,review,36,3,3720,131,9,13,16.9,51.2
TT0289,oliveoutfits,fashion,26948,2025-09-26,20,vlog,30,5,6223,383,31,45,18.6,63.9
TT0290,oliveoutfits,fashion,26722,2025-09-28,20,before_after,15,3,9533,717,23,56,11.9,74.7
TT0291,oliveoutfits,fashion,27556,2025-10-03,20,review,51,2,7680,481,37,46,32.1,63.3
TT0292,oliveoutfits,fashion,27209,2025-10-09,19,challenge,47,2,21870,1388,64,233,29.6,62.5
TT0293,oliveoutfits,fashion,27518,2025-10-13,19,tutorial,29,3,29488,2838,63,194,26.4,84.4
TT0294,oliveoutfits,fashion,27754,2025-10-21,19,before_after,33,6,18825,1071,62,183,27.5,91.3
TT0295,oliveoutfits,fashion,28347,2025-10-23,2,tutorial,20,4,19340,1233,67,175,13.7,67.7
TT0296,oliveoutfits,fashion,28689,2025-10-26,6,tutorial,27,4,6501,461,20,45,11.9,48.3
TT0297,oliveoutfits,fashion,28359,2025-10-29,19,vlog,51,2,10757,609,21,64,29.3,56.3
TT0298,oliveoutfits,fashion,29242,2025-10-31,16,review,26,3,8365,383,12,48,20.5,75.5
TT0299,oliveoutfits,fashion,29114,2025-11-05,20,review,47,5,16294,1040,65,91,32.9,66.4
TT0300,oliveoutfits,fashion,29547,2025-11-06,21,challenge,33,7,29841,1780,144,296,23.6,76.1
TT0301,pixelwithpaz,gaming,25107,2025-09-07,11,listicle,36,5,6655,345,25,50,22.7,58.2
TT0302,pixelwithpaz,gaming,25248,2025-09-16,21,review,36,3,18936,1272,55,127,26.2,79.3
TT0303,pixelwithpaz,gaming,25008,2025-09-20,22,listicle,30,5,21453,1304,48,124,18.2,62.2
TT0304,pixelwithpaz,gaming,25665,2025-09-23,19,review,31,2,16123,917,105,63,18.3,60.2
TT0305,pixelwithpaz,gaming,25618,2025-09-28,21,challenge,40,4,28135,1430,125,297,29.6,71.1
TT0306,pixelwithpaz,gaming,25253,2025-09-29,20,challenge,28,2,11588,695,53,108,17.8,69.6
TT0307,pixelwithpaz,gaming,25653,2025-09-30,20,storytime,35,5,14852,862,54,108,20.9,61.6
TT0308,pixelwithpaz,gaming,25463,2025-10-02,23,listicle,22,4,12100,621,49,60,15.9,69.7
TT0309,pixelwithpaz,gaming,25679,2025-10-03,19,duet,24,5,23535,1359,135,223,16.3,72.3
TT0310,pixelwithpaz,gaming,25511,2025-10-06,19,listicle,24,4,13054,957,51,109,18.6,72.8
TT0311,pixelwithpaz,gaming,26243,2025-10-09,9,listicle,38,3,5669,155,20,32,16.0,44.4
TT0312,pixelwithpaz,gaming,26201,2025-10-10,21,challenge,43,5,11727,671,32,76,19.9,46.4
TT0313,pixelwithpaz,gaming,25988,2025-10-15,23,challenge,40,5,31428,2257,293,288,22.3,59.9
TT0314,pixelwithpaz,gaming,26224,2025-10-22,22,challenge,38,4,27592,958,129,170,24.8,59.5
TT0315,pixelwithpaz,gaming,26479,2025-10-24,21,duet,26,2,21511,1129,138,182,20.1,76.7
TT0316,pixelwithpaz,gaming,26017,2025-10-25,21,listicle,32,3,24682,1133,82,143,17.9,60.6
TT0317,pixelwithpaz,gaming,26696,2025-10-29,21,storytime,30,2,14793,643,53,47,19.5,65.7
TT0318,pixelwithpaz,gaming,26708,2025-11-03,16,review,41,3,12695,603,65,63,19.9,47.5
TT0319,pixelwithpaz,gaming,26352,2025-11-06,20,challenge,59,4,3799,271,26,25,35.7,59.1
TT0320,pixelwithpaz,gaming,26709,2025-11-07,2,listicle,19,3,6042,415,48,62,14.9,79.2
TT0321,quinnfitness,fitness,41875,2025-09-01,7,storytime,29,4,39346,1906,182,139,25.0,80.2
TT0322,quinnfitness,fitness,42252,2025-09-06,6,storytime,27,3,88435,5218,267,664,16.6,60.8
TT0323,quinnfitness,fitness,42692,2025-09-08,6,vlog,29,4,13083,764,76,85,16.6,63.1
TT0324,quinnfitness,fitness,43302,2025-09-13,7,storytime,44,5,19730,1024,78,161,31.4,69.8
TT0325,quinnfitness,fitness,43881,2025-09-15,6,tutorial,28,1,24955,1254,74,90,17.4,67.1
TT0326,quinnfitness,fitness,43670,2025-09-16,6,vlog,25,3,10925,425,38,34,15.8,68.3
TT0327,quinnfitness,fitness,44300,2025-09-21,7,before_after,10,2,36781,2758,144,194,8.2,80.1
TT0328,quinnfitness,fitness,45027,2025-09-22,4,storytime,34,4,21706,1645,78,72,17.9,51.6
TT0329,quinnfitness,fitness,45729,2025-09-23,7,vlog,33,2,19379,1135,69,103,21.6,66.0
TT0330,quinnfitness,fitness,46567,2025-09-26,7,storytime,16,2,45295,2639,147,231,11.0,67.2
TT0331,quinnfitness,fitness,46837,2025-09-28,8,vlog,31,4,17677,1278,28,111,16.6,58.6
TT0332,quinnfitness,fitness,46665,2025-10-01,7,before_after,16,1,29981,2420,198,154,15.7,90.8
TT0333,quinnfitness,fitness,46460,2025-10-02,16,vlog,36,3,20241,1189,74,153,20.0,52.1
TT0334,quinnfitness,fitness,47324,2025-10-04,8,tutorial,33,4,20179,948,65,124,25.3,74.3
TT0335,quinnfitness,fitness,49079,2025-10-05,5,storytime,40,4,68594,4329,242,665,27.3,72.5
TT0336,quinnfitness,fitness,48535,2025-10-20,7,storytime,30,0,39708,2837,136,227,20.2,65.0
TT0337,quinnfitness,fitness,48533,2025-10-27,18,tutorial,32,5,63324,3724,264,373,21.1,62.8
TT0338,quinnfitness,fitness,49895,2025-10-28,17,vlog,27,4,24468,1886,111,146,18.6,75.6
TT0339,quinnfitness,fitness,49704,2025-11-01,6,challenge,49,5,22653,1344,88,117,27.5,57.4
TT0340,quinnfitness,fitness,49233,2025-11-08,7,before_after,20,4,18842,1419,100,190,17.2,91.5
TT0341,rayreviews,fashion,65565,2025-09-05,21,challenge,22,4,38137,2037,157,442,17.1,71.4
TT0342,rayreviews,fashion,65226,2025-09-07,20,before_after,12,3,18738,1488,125,136,9.9,77.8
TT0343,rayreviews,fashion,65654,2025-09-09,21,review,54,4,45852,2037,154,147,28.5,52.0
TT0344,rayreviews,fashion,65379,2025-09-14,4,before_after,25,3,29722,2396,64,292,21.8,87.3
TT0345,rayreviews,fashion,66354,2025-09-21,17,before_after,23,2,43355,3652,199,278,14.9,67.5
TT0346,rayreviews,fashion,66361,2025-09-27,17,challenge,39,3,44690,2959,114,370,21.3,52.9
TT0347,rayreviews,fashion,65809,2025-09-29,8,challenge,34,2,20048,1446,52,214,25.2,79.4
TT0348,rayreviews,fashion,66156,2025-10-02,9,before_after,30,5,50252,3157,72,373,22.8,81.3
TT0349,rayreviews,fashion,66321,2025-10-04,20,tutorial,33,1,38252,2394,143,228,18.9,53.0
TT0350,rayreviews,fashion,65622,2025-10-05,21,vlog,38,4,37942,2439,174,271,20.8,50.9
TT0351,rayreviews,fashion,67319,2025-10-17,19,challenge,17,3,27183,1907,107,227,14.5,79.4
TT0352,rayreviews,fashion,68018,2025-10-20,0,tutorial,43,2,34960,2692,109,244,26.4,59.0
TT0353,rayreviews,fashion,67505,2025-10-25,18,challenge,49,5,77115,4854,410,700,26.7,54.8
TT0354,rayreviews,fashion,66297,2025-10-26,19,review,36,5,50119,2820,70,406,25.5,65.1
TT0355,rayreviews,fashion,66961,2025-10-27,19,challenge,51,5,102964,8236,374,1110,26.8,49.8
TT0356,rayreviews,fashion,68443,2025-11-01,18,before_after,18,2,14923,868,64,120,13.2,74.4
TT0357,rayreviews,fashion,67528,2025-11-05,15,challenge,36,4,93715,5466,317,898,20.0,57.8
TT0358,rayreviews,fashion,68732,2025-11-06,17,before_after,20,2,55118,4204,399,810,17.7,83.3
TT0359,rayreviews,fashion,68454,2025-11-07,18,review,38,3,33984,1826,112,289,23.5,62.3
TT0360,rayreviews,fashion,67377,2025-11-08,19,vlog,31,3,24320,1674,122,106,22.3,77.1
TT0361,samisnacks,food,64934,2025-09-01,18,vlog,15,3,56961,3904,173,297,13.0,89.6
TT0362,samisnacks,food,64846,2025-09-02,18,review,34,2,17307,1324,34,134,21.2,64.9
TT0363,samisnacks,food,67771,2025-09-06,10,before_after,16,3,63267,4650,541,351,10.0,65.6
TT0364,samisnacks,food,68587,2025-09-11,18,before_after,31,1,39912,2239,169,358,21.9,73.8
TT0365,samisnacks,food,69234,2025-09-19,11,review,37,0,28924,2334,86,220,20.7,61.7
TT0366,samisnacks,food,70451,2025-09-27,13,before_after,24,3,34904,2566,59,339,16.7,67.5
TT0367,samisnacks,food,72362,2025-09-28,18,tutorial,39,0,50913,3703,130,440,36.6,85.7
TT0368,samisnacks,food,72885,2025-09-29,19,vlog,25,4,48395,4134,208,251,16.6,60.4
TT0369,samisnacks,food,74861,2025-09-30,17,tutorial,38,8,32439,1977,131,126,28.2,73.2
TT0370,samisnacks,food,74238,2025-10-04,11,listicle,39,4,38177,2794,147,223,27.6,64.2
TT0371,samisnacks,food,76185,2025-10-05,20,before_after,32,0,30133,2416,115,174,20.9,61.9
TT0372,samisnacks,food,77252,2025-10-07,13,vlog,39,3,88697,3492,213,229,19.1,53.1
TT0373,samisnacks,food,78599,2025-10-11,19,vlog,28,5,52514,2703,132,181,14.9,56.5
TT0374,samisnacks,food,79063,2025-10-21,14,vlog,25,5,39343,2306,206,249,12.2,47.8
TT0375,samisnacks,food,80698,2025-10-26,12,review,26,3,23929,1661,113,155,17.1,64.4
TT0376,samisnacks,food,81292,2025-10-28,10,tutorial,42,1,21800,928,36,127,15.6,40.1
TT0377,samisnacks,food,82868,2025-10-31,1,vlog,22,5,73168,4723,157,203,13.7,62.8
TT0378,samisnacks,food,83572,2025-11-03,16,review,20,3,19337,1062,74,52,16.5,79.0
TT0379,samisnacks,food,84525,2025-11-06,12,review,33,0,18312,655,94,91,22.3,73.6
TT0380,samisnacks,food,85963,2025-11-08,11,listicle,25,3,81048,5230,270,719,16.5,64.0
TT0381,taylortips,studytok,41994,2025-09-01,20,storytime,17,6,40866,2015,167,188,9.6,53.4
TT0382,taylortips,studytok,41556,2025-09-03,11,vlog,26,2,32850,1459,150,200,14.2,59.1
TT0383,taylortips,studytok,42748,2025-09-04,17,vlog,29,2,44122,2100,136,260,20.7,68.2
TT0384,taylortips,studytok,42748,2025-09-06,18,vlog,18,1,31356,2025,109,262,16.0,81.7
TT0385,taylortips,studytok,42863,2025-09-10,21,vlog,29,2,12306,545,29,65,18.2,62.3
TT0386,taylortips,studytok,43080,2025-09-18,16,vlog,31,3,16620,1102,51,105,23.0,71.4
TT0387,taylortips,studytok,43641,2025-09-19,15,tutorial,43,3,19612,1364,116,176,18.4,46.3
TT0388,taylortips,studytok,43287,2025-09-22,11,listicle,16,4,20776,640,49,70,10.0,65.8
TT0389,taylortips,studytok,44294,2025-09-30,20,challenge,38,2,31067,1578,126,252,27.1,70.5
TT0390,taylortips,studytok,44475,2025-10-05,6,storytime,39,2,24125,1351,120,187,21.3,51.6
TT0391,taylortips,studytok,44527,2025-10-07,17,challenge,36,7,18770,723,124,119,18.7,55.3
TT0392,taylortips,studytok,44760,2025-10-08,15,storytime,22,3,9159,636,34,51,15.3,66.1
TT0393,taylortips,studytok,45225,2025-10-19,16,vlog,21,0,14391,802,73,99,16.6,80.3
TT0394,taylortips,studytok,45022,2025-10-20,17,listicle,20,4,15478,744,93,108,12.8,65.4
TT0395,taylortips,studytok,45237,2025-10-21,2,tutorial,19,2,27481,1660,183,91,11.6,64.4
TT0396,taylortips,studytok,45913,2025-10-23,20,vlog,43,3,15748,632,88,79,24.9,61.7
TT0397,taylortips,studytok,46531,2025-10-30,20,listicle,45,3,26066,1080,152,190,16.1,35.6
TT0398,taylortips,studytok,46076,2025-10-31,15,listicle,45,7,16074,857,70,176,25.3,58.0
TT0399,taylortips,studytok,46631,2025-11-05,10,storytime,43,4,20633,1065,110,102,24.9,53.7
TT0400,taylortips,studytok,46670,2025-11-07,18,listicle,26,3,9851,653,63,109,15.1,60.4
TT0401,urbanuma,comedy,95270,2025-09-04,21,challenge,40,4,62184,4700,442,895,21.0,51.5
TT0402,urbanuma,comedy,96040,2025-09-06,19,skit,23,4,134213,12953,812,721,17.3,83.3
TT0403,urbanuma,comedy,95669,2025-09-08,20,challenge,42,3,53884,4252,377,536,27.8,61.2
TT0404,urbanuma,comedy,98631,2025-09-09,20,vlog,35,2,61517,4550,397,336,20.9,59.5
TT0405,urbanuma,comedy,101224,2025-09-18,19,storytime,14,3,32604,2445,251,179,12.2,88.8
TT0406,urbanuma,comedy,100634,2025-09-21,21,skit,21,1,165417,15594,1837,1858,20.3,95.8
TT0407,urbanuma,comedy,102331,2025-09-23,1,skit,20,2,80079,7365,626,899,16.4,75.5
TT0408,urbanuma,comedy,102881,2025-09-25,18,challenge,42,5,65989,5103,398,600,23.4,56.9
TT0409,urbanuma,comedy,103420,2025-09-27,19,challenge,45,5,102653,8458,718,550,32.2,71.3
TT0410,urbanuma,comedy,105570,2025-10-02,20,duet,32,2,30544,2588,242,405,25.7,80.1
TT0411,urbanuma,comedy,106301,2025-10-04,1,storytime,26,2,98380,6719,383,451,16.1,64.8
TT0412,urbanuma,comedy,106901,2025-10-14,19,storytime,31,2,145329,11070,585,955,22.8,76.3
TT0413,urbanuma,comedy,109397,2025-10-16,20,storytime,22,3,29082,2066,154,227,17.8,80.9
TT0414,urbanuma,comedy,111215,2025-10-17,20,skit,19,3,144633,14784,1301,1506,16.7,89.9
TT0415,urbanuma,comedy,113672,2025-10-21,18,skit,29,4,25397,2263,181,197,23.7,79.3
TT0416,urbanuma,comedy,111091,2025-10-29,12,skit,33,3,99003,8088,565,759,25.9,75.7
TT0417,urbanuma,comedy,113991,2025-10-30,20,duet,37,2,222583,19665,1953,1389,31.9,85.4
TT0418,urbanuma,comedy,115477,2025-11-02,21,challenge,41,3,52372,4327,298,611,31.6,74.7
TT0419,urbanuma,comedy,114462,2025-11-06,19,vlog,44,3,55456,4108,90,286,24.7,51.6
TT0420,urbanuma,comedy,117528,2025-11-09,17,skit,22,1,60874,5693,274,313,13.4,58.6
TT0421,vibewithvic,comedy,25100,2025-09-06,15,challenge,35,7,6983,430,47,66,19.4,56.0
TT0422,vibewithvic,comedy,25131,2025-09-07,20,challenge,38,7,27337,2581,260,408,22.3,64.9
TT0423,vibewithvic,comedy,25264,2025-09-08,19,skit,16,1,23800,2424,250,251,13.5,92.2
TT0424,vibewithvic,comedy,25543,2025-09-14,3,storytime,20,2,31206,2332,185,257,15.8,75.1
TT0425,vibewithvic,comedy,25689,2025-09-19,21,challenge,31,4,27533,2713,237,348,24.4,78.2
TT0426,vibewithvic,comedy,26237,2025-09-22,12,duet,35,3,14600,824,135,139,24.6,68.1
TT0427,vibewithvic,comedy,26335,2025-10-01,20,storytime,24,6,23647,1795,130,97,15.7,63.0
TT0428,vibewithvic,comedy,26196,2025-10-12,18,skit,11,2,19293,2013,114,110,9.6,94.6
TT0429,vibewithvic,comedy,26359,2025-10-14,22,storytime,16,3,28587,2335,225,228,10.9,71.6
TT0430,vibewithvic,comedy,26524,2025-10-17,22,storytime,19,3,9841,534,64,55,10.9,62.4
TT0431,vibewithvic,comedy,26613,2025-10-20,19,skit,17,5,30239,2650,218,270,16.7,96.0
TT0432,vibewithvic,comedy,26774,2025-10-21,20,challenge,37,5,53562,4402,262,649,26.8,70.2
TT0433,vibewithvic,comedy,27310,2025-10-22,18,skit,27,3,13263,982,69,55,23.3,80.0
TT0434,vibewithvic,comedy,27413,2025-10-29,21,vlog,23,0,14165,906,78,85,14.2,57.4
TT0435,vibewithvic,comedy,27771,2025-10-30,15,challenge,38,4,8584,734,61,78,25.4,62.5
TT0436,vibewithvic,comedy,27053,2025-10-31,19,skit,22,4,18880,1536,149,168,16.0,80.0
TT0437,vibewithvic,comedy,27550,2025-11-01,19,duet,12,2,20941,1808,130,185,10.5,90.4
TT0438,vibewithvic,comedy,28117,2025-11-04,22,vlog,38,3,17162,1041,38,77,21.2,55.1
TT0439,vibewithvic,comedy,28527,2025-11-05,4,challenge,46,4,18752,1655,90,287,23.3,54.2
TT0440,vibewithvic,comedy,28010,2025-11-09,20,storytime,28,7,27049,2193,137,246,18.4,69.9
TT0441,willowwrites,studytok,42223,2025-09-01,17,storytime,23,3,15306,962,64,84,15.2,63.8
TT0442,willowwrites,studytok,42157,2025-09-08,15,challenge,32,3,16499,1256,116,119,18.6,62.9
TT0443,willowwrites,studytok,42524,2025-09-10,16,storytime,34,4,10578,474,33,21,18.4,50.5
TT0444,willowwrites,studytok,43205,2025-09-15,16,challenge,43,5,28711,1616,188,248,30.2,68.6
TT0445,willowwrites,studytok,43704,2025-09-20,16,challenge,17,4,33478,1844,122,380,13.5,82.0
TT0446,willowwrites,studytok,44380,2025-09-21,21,storytime,31,1,29445,1087,62,119,16.4,52.1
TT0447,willowwrites,studytok,44552,2025-09-25,16,storytime,36,3,23072,943,65,95,21.0,54.9
TT0448,willowwrites,studytok,46249,2025-09-29,13,listicle,34,5,18455,1113,88,208,22.1,68.0
TT0449,willowwrites,studytok,45407,2025-10-04,17,challenge,28,5,59878,3322,255,672,18.8,62.9
TT0450,willowwrites,studytok,45881,2025-10-05,18,listicle,36,4,17988,948,137,165,18.3,50.7
TT0451,willowwrites,studytok,46507,2025-10-07,13,challenge,26,3,63010,3986,303,570,18.2,66.9
TT0452,willowwrites,studytok,46279,2025-10-08,3,storytime,33,5,38342,2290,228,409,23.6,66.1
TT0453,willowwrites,studytok,47870,2025-10-09,16,listicle,27,4,36885,1559,113,256,18.1,68.7
TT0454,willowwrites,studytok,47871,2025-10-11,6,vlog,29,4,10867,394,41,40,14.6,52.0
TT0455,willowwrites,studytok,47934,2025-10-12,15,vlog,19,3,17005,885,84,164,14.6,71.5
TT0456,willowwrites,studytok,48440,2025-10-13,6,storytime,39,2,56209,2884,208,293,22.9,58.3
TT0457,willowwrites,studytok,49222,2025-10-14,16,challenge,31,5,55898,3367,417,636,14.2,50.2
TT0458,willowwrites,studytok,50294,2025-10-26,19,listicle,29,2,26562,1569,95,199,15.6,52.1
TT0459,willowwrites,studytok,50117,2025-10-28,15,storytime,32,3,64107,4778,378,247,17.9,59.7
TT0460,willowwrites,studytok,50407,2025-11-08,9,vlog,23,2,14865,816,49,110,17.2,69.4
TT0461,xenonxander,gaming,42202,2025-09-03,20,challenge,31,7,30680,2714,179,408,24.7,73.0
TT0462,xenonxander,gaming,42460,2025-09-07,18,storytime,34,3,11529,674,48,96,19.1,56.1
TT0463,xenonxander,gaming,42921,2025-09-12,21,storytime,39,3,38026,2848,184,483,25.9,68.6
TT0464,xenonxander,gaming,43029,2025-09-15,19,storytime,25,1,30618,1737,92,285,18.5,75.8
TT0465,xenonxander,gaming,42622,2025-09-18,22,review,27,0,49419,2626,96,329,20.2,76.5
TT0466,xenonxander,gaming,43693,2025-09-20,14,challenge,34,7,43365,2548,209,313,18.6,52.5
TT0467,xenonxander,gaming,45261,2025-09-25,22,challenge,36,2,66948,3751,142,526,20.8,63.9
TT0468,xenonxander,gaming,44405,2025-09-28,21,duet,11,1,23660,1170,133,181,10.8,93.7
TT0469,xenonxander,gaming,46474,2025-10-03,20,duet,28,3,24256,1534,66,173,19.8,70.1
TT0470,xenonxander,gaming,46068,2025-10-05,19,challenge,28,4,28364,2183,131,194,24.4,80.8
TT0471,xenonxander,gaming,46808,2025-10-08,21,storytime,38,1,43412,2394,311,349,21.7,53.8
TT0472,xenonxander,gaming,46839,2025-10-11,20,review,50,5,55551,2775,262,246,30.6,65.4
TT0473,xenonxander,gaming,47642,2025-10-12,22,storytime,37,2,36069,1734,126,159,22.3,62.2
TT0474,xenonxander,gaming,47353,2025-10-14,22,challenge,48,6,35018,2553,345,481,32.8,64.2
TT0475,xenonxander,gaming,48235,2025-10-19,22,storytime,29,3,52544,3881,258,189,20.9,73.5
TT0476,xenonxander,gaming,47921,2025-10-21,21,listicle,30,3,37279,2255,220,346,21.9,70.5
TT0477,xenonxander,gaming,48853,2025-10-22,17,review,29,2,12659,812,47,108,20.8,66.1
TT0478,xenonxander,gaming,50545,2025-10-27,22,duet,17,4,19896,1251,53,219,12.3,75.9
TT0479,xenonxander,gaming,50814,2025-10-29,19,listicle,29,6,10001,589,52,85,18.2,64.5
TT0480,xenonxander,gaming,50867,2025-11-09,21,duet,20,4,60353,3313,137,447,17.1,79.4
TT0481,yara.yaps,beauty,65383,2025-09-03,20,review,35,5,45124,3005,200,199,27.1,70.5
TT0482,yara.yaps,beauty,66428,2025-09-14,13,tutorial,31,3,18137,1091,51,146,17.4,62.0
TT0483,yara.yaps,beauty,66503,2025-09-18,20,review,41,3,59250,3200,210,329,22.4,57.2
TT0484,yara.yaps,beauty,65682,2025-09-19,17,listicle,33,1,45498,3442,190,554,20.6,67.5
TT0485,yara.yaps,beauty,65550,2025-09-24,19,vlog,25,4,105908,6476,217,619,15.8,64.8
TT0486,yara.yaps,beauty,65099,2025-09-29,21,vlog,29,2,42464,3238,83,427,22.6,83.0
TT0487,yara.yaps,beauty,66300,2025-10-01,20,review,31,2,16351,1042,42,121,20.1,59.0
TT0488,yara.yaps,beauty,67055,2025-10-08,17,listicle,28,5,49269,2854,168,475,24.2,83.2
TT0489,yara.yaps,beauty,68268,2025-10-13,6,before_after,23,0,15417,1363,94,172,19.9,86.4
TT0490,yara.yaps,beauty,67715,2025-10-14,20,before_after,30,3,61032,3985,244,312,20.8,69.0
TT0491,yara.yaps,beauty,69406,2025-10-16,3,tutorial,35,5,76951,4237,255,407,19.1,52.1
TT0492,yara.yaps,beauty,69384,2025-10-18,17,tutorial,28,2,22034,1271,60,55,18.5,60.1
TT0493,yara.yaps,beauty,69448,2025-10-20,17,review,24,1,39828,2378,242,265,17.8,80.6
TT0494,yara.yaps,beauty,67982,2025-10-26,17,tutorial,20,4,68052,5571,119,237,14.1,76.1
TT0495,yara.yaps,beauty,69420,2025-10-29,20,review,38,3,43091,2679,131,236,24.0,67.2
TT0496,yara.yaps,beauty,70781,2025-10-30,15,listicle,35,4,12783,859,66,138,13.7,39.4
TT0497,yara.yaps,beauty,70145,2025-11-01,18,review,47,2,47784,3378,246,496,30.4,60.6
TT0498,yara.yaps,beauty,71400,2025-11-03,19,tutorial,29,5,28591,1837,91,323,21.2,68.8
TT0499,yara.yaps,beauty,70904,2025-11-05,20,before_after,33,3,38126,2832,63,263,18.1,60.4
TT0500,yara.yaps,beauty,72159,2025-11-08,18,tutorial,32,2,76367,6607,322,317,21.7,68.3
